{
	"activate": [],
	"objects": [
		{
			"albedo": [
				0.256367921829224,
				0.42578125,
				0.161331176757813,
				1.0
			],
			"emmision": [
				0.0,
				0.0,
				0.0,
				1.0
			],
			"emmision_strength": 0.0,
			"id": "Cylinder",
			"metallic": 1.0,
			"shift_mat": false,
			"transform": {
				"position": [
					0.0,
					0.0,
					0.0
				],
				"rotation": [
					0.0,
					0.0,
					0.0
				],
				"scale": [
					0.100000001490116,
					0.00999999977648258,
					0.100000001490116
				]
			}
		},
		{
			"albedo": [
				0.426055431365967,
				0.66015625,
				0.232086181640625,
				1.0
			],
			"emmision": [
				0.1240234375,
				0.9921875,
				0.0,
				1.0
			],
			"emmision_strength": 1.0,
			"id": "Cylinder",
			"metallic": 0.0,
			"shift_mat": false,
			"transform": {
				"position": [
					0.0,
					0.00999999977648258,
					0.0
				],
				"rotation": [
					0.0,
					0.0,
					0.0
				],
				"scale": [
					0.0500000007450581,
					0.00999999977648258,
					0.0500000007450581
				]
			}
		},
		{
			"albedo": [
				0.0,
				0.0,
				0.0,
				1.0
			],
			"emmision": [
				0.0,
				0.0,
				0.0,
				1.0
			],
			"emmision_strength": 0.0,
			"id": "Icosphere",
			"metallic": 0.0,
			"shift_mat": true,
			"transform": {
				"position": [
					0.0,
					0.0599999986588955,
					0.0
				],
				"rotation": [
					0.0,
					0.0,
					0.0
				],
				"scale": [
					0.100000001490116,
					0.100000001490116,
					0.100000001490116
				]
			}
		}
	],
	"passive": [],
	"version": 1
}
